-- MySQL dump 10.13  Distrib 5.7.9, for Win64 (x86_64)
--
-- Host: localhost    Database: test
-- ------------------------------------------------------
-- Server version	5.5.5-10.1.10-MariaDB

/*!40101 SET @OLD_CHARACTER_SET_CLIENT=@@CHARACTER_SET_CLIENT */;
/*!40101 SET @OLD_CHARACTER_SET_RESULTS=@@CHARACTER_SET_RESULTS */;
/*!40101 SET @OLD_COLLATION_CONNECTION=@@COLLATION_CONNECTION */;
/*!40101 SET NAMES utf8 */;
/*!40103 SET @OLD_TIME_ZONE=@@TIME_ZONE */;
/*!40103 SET TIME_ZONE='+00:00' */;
/*!40014 SET @OLD_UNIQUE_CHECKS=@@UNIQUE_CHECKS, UNIQUE_CHECKS=0 */;
/*!40014 SET @OLD_FOREIGN_KEY_CHECKS=@@FOREIGN_KEY_CHECKS, FOREIGN_KEY_CHECKS=0 */;
/*!40101 SET @OLD_SQL_MODE=@@SQL_MODE, SQL_MODE='NO_AUTO_VALUE_ON_ZERO' */;
/*!40111 SET @OLD_SQL_NOTES=@@SQL_NOTES, SQL_NOTES=0 */;

--
-- Table structure for table `courses`
--

DROP TABLE IF EXISTS `courses`;
/*!40101 SET @saved_cs_client     = @@character_set_client */;
/*!40101 SET character_set_client = utf8 */;
CREATE TABLE `courses` (
  `Id` int(11) NOT NULL AUTO_INCREMENT,
  `Name` varchar(45) NOT NULL,
  `DepartmentId` int(11) NOT NULL,
  `ProfessorId` int(11) NOT NULL,
  PRIMARY KEY (`Id`)
) ENGINE=InnoDB AUTO_INCREMENT=7 DEFAULT CHARSET=latin1;
/*!40101 SET character_set_client = @saved_cs_client */;

--
-- Dumping data for table `courses`
--

LOCK TABLES `courses` WRITE;
/*!40000 ALTER TABLE `courses` DISABLE KEYS */;
INSERT INTO `courses` VALUES (1,'C#',1,1),(2,'Java',2,2),(3,'JavaScript',3,3),(4,'PHP',4,4),(5,'Python',5,5),(6,'',0,0);
/*!40000 ALTER TABLE `courses` ENABLE KEYS */;
UNLOCK TABLES;

--
-- Table structure for table `courses_students`
--

DROP TABLE IF EXISTS `courses_students`;
/*!40101 SET @saved_cs_client     = @@character_set_client */;
/*!40101 SET character_set_client = utf8 */;
CREATE TABLE `courses_students` (
  `CourseId` int(11) NOT NULL,
  `StudentId` int(11) NOT NULL,
  PRIMARY KEY (`CourseId`,`StudentId`)
) ENGINE=InnoDB DEFAULT CHARSET=latin1;
/*!40101 SET character_set_client = @saved_cs_client */;

--
-- Dumping data for table `courses_students`
--

LOCK TABLES `courses_students` WRITE;
/*!40000 ALTER TABLE `courses_students` DISABLE KEYS */;
INSERT INTO `courses_students` VALUES (1,1),(2,2),(3,3),(4,4),(5,5),(6,6);
/*!40000 ALTER TABLE `courses_students` ENABLE KEYS */;
UNLOCK TABLES;

--
-- Table structure for table `departments`
--

DROP TABLE IF EXISTS `departments`;
/*!40101 SET @saved_cs_client     = @@character_set_client */;
/*!40101 SET character_set_client = utf8 */;
CREATE TABLE `departments` (
  `Id` int(11) NOT NULL AUTO_INCREMENT,
  `Name` varchar(45) NOT NULL,
  `FacultyId` int(11) NOT NULL,
  PRIMARY KEY (`Id`)
) ENGINE=InnoDB AUTO_INCREMENT=4 DEFAULT CHARSET=latin1;
/*!40101 SET character_set_client = @saved_cs_client */;

--
-- Dumping data for table `departments`
--

LOCK TABLES `departments` WRITE;
/*!40000 ALTER TABLE `departments` DISABLE KEYS */;
INSERT INTO `departments` VALUES (1,'.NET',1),(2,'Java',2),(3,'JS',3);
/*!40000 ALTER TABLE `departments` ENABLE KEYS */;
UNLOCK TABLES;

--
-- Table structure for table `faculties`
--

DROP TABLE IF EXISTS `faculties`;
/*!40101 SET @saved_cs_client     = @@character_set_client */;
/*!40101 SET character_set_client = utf8 */;
CREATE TABLE `faculties` (
  `Id` int(11) NOT NULL AUTO_INCREMENT,
  `Name` varchar(45) NOT NULL,
  PRIMARY KEY (`Id`)
) ENGINE=InnoDB AUTO_INCREMENT=4 DEFAULT CHARSET=latin1;
/*!40101 SET character_set_client = @saved_cs_client */;

--
-- Dumping data for table `faculties`
--

LOCK TABLES `faculties` WRITE;
/*!40000 ALTER TABLE `faculties` DISABLE KEYS */;
INSERT INTO `faculties` VALUES (1,'Front-End'),(2,'Back-End'),(3,'');
/*!40000 ALTER TABLE `faculties` ENABLE KEYS */;
UNLOCK TABLES;

--
-- Table structure for table `professors`
--

DROP TABLE IF EXISTS `professors`;
/*!40101 SET @saved_cs_client     = @@character_set_client */;
/*!40101 SET character_set_client = utf8 */;
CREATE TABLE `professors` (
  `Id` int(11) NOT NULL AUTO_INCREMENT,
  `Name` varchar(45) NOT NULL,
  `DepartmentId` int(11) NOT NULL,
  PRIMARY KEY (`Id`)
) ENGINE=InnoDB AUTO_INCREMENT=5 DEFAULT CHARSET=latin1;
/*!40101 SET character_set_client = @saved_cs_client */;

--
-- Dumping data for table `professors`
--

LOCK TABLES `professors` WRITE;
/*!40000 ALTER TABLE `professors` DISABLE KEYS */;
INSERT INTO `professors` VALUES (1,'Nakov',1),(2,'Royal',2),(3,'Bogy',3),(4,'Dancho',4);
/*!40000 ALTER TABLE `professors` ENABLE KEYS */;
UNLOCK TABLES;

--
-- Table structure for table `professors_titles`
--

DROP TABLE IF EXISTS `professors_titles`;
/*!40101 SET @saved_cs_client     = @@character_set_client */;
/*!40101 SET character_set_client = utf8 */;
CREATE TABLE `professors_titles` (
  `ProfessorId` int(11) NOT NULL,
  `TitleId` int(11) NOT NULL,
  PRIMARY KEY (`ProfessorId`,`TitleId`)
) ENGINE=InnoDB DEFAULT CHARSET=latin1;
/*!40101 SET character_set_client = @saved_cs_client */;

--
-- Dumping data for table `professors_titles`
--

LOCK TABLES `professors_titles` WRITE;
/*!40000 ALTER TABLE `professors_titles` DISABLE KEYS */;
INSERT INTO `professors_titles` VALUES (1,1),(2,2),(3,3),(4,4),(5,5);
/*!40000 ALTER TABLE `professors_titles` ENABLE KEYS */;
UNLOCK TABLES;

--
-- Table structure for table `students`
--

DROP TABLE IF EXISTS `students`;
/*!40101 SET @saved_cs_client     = @@character_set_client */;
/*!40101 SET character_set_client = utf8 */;
CREATE TABLE `students` (
  `Id` int(11) NOT NULL AUTO_INCREMENT,
  `Name` varchar(45) NOT NULL,
  `FacultyId` int(11) NOT NULL,
  PRIMARY KEY (`Id`)
) ENGINE=InnoDB AUTO_INCREMENT=6 DEFAULT CHARSET=latin1;
/*!40101 SET character_set_client = @saved_cs_client */;

--
-- Dumping data for table `students`
--

LOCK TABLES `students` WRITE;
/*!40000 ALTER TABLE `students` DISABLE KEYS */;
INSERT INTO `students` VALUES (1,'Minka',1),(2,'Evlampi',2),(3,'Pesho',3),(4,'Stamat',4),(5,'Mimeto',5);
/*!40000 ALTER TABLE `students` ENABLE KEYS */;
UNLOCK TABLES;

--
-- Table structure for table `titles`
--

DROP TABLE IF EXISTS `titles`;
/*!40101 SET @saved_cs_client     = @@character_set_client */;
/*!40101 SET character_set_client = utf8 */;
CREATE TABLE `titles` (
  `Id` int(11) NOT NULL AUTO_INCREMENT,
  `Name` varchar(45) NOT NULL,
  PRIMARY KEY (`Id`)
) ENGINE=InnoDB AUTO_INCREMENT=4 DEFAULT CHARSET=latin1;
/*!40101 SET character_set_client = @saved_cs_client */;

--
-- Dumping data for table `titles`
--

LOCK TABLES `titles` WRITE;
/*!40000 ALTER TABLE `titles` DISABLE KEYS */;
INSERT INTO `titles` VALUES (1,'Trainer'),(2,'Code god'),(3,'????');
/*!40000 ALTER TABLE `titles` ENABLE KEYS */;
UNLOCK TABLES;
/*!40103 SET TIME_ZONE=@OLD_TIME_ZONE */;

/*!40101 SET SQL_MODE=@OLD_SQL_MODE */;
/*!40014 SET FOREIGN_KEY_CHECKS=@OLD_FOREIGN_KEY_CHECKS */;
/*!40014 SET UNIQUE_CHECKS=@OLD_UNIQUE_CHECKS */;
/*!40101 SET CHARACTER_SET_CLIENT=@OLD_CHARACTER_SET_CLIENT */;
/*!40101 SET CHARACTER_SET_RESULTS=@OLD_CHARACTER_SET_RESULTS */;
/*!40101 SET COLLATION_CONNECTION=@OLD_COLLATION_CONNECTION */;
/*!40111 SET SQL_NOTES=@OLD_SQL_NOTES */;

-- Dump completed on 2016-05-12 21:13:47
